Collision damage;Offroad metric;Other lane metric;Total game time;Total travelled distance;Number of frames using FPS;Number of frames using FPM (+1second updates)
2.391841411590576;0.0;1.2040816117078066;89658;131.81584406535998;5273;121
955.8911743164062;2.0204081255942583;0.12244897708296776;202759;475.1468808069012;11926;317
1.06855046749115;4.857142895460129;8.408163273707032;125460;448.7454491532643;7379;242
4.232595920562744;8.591836851090193;10.979591857641935;407830;1347.6674923512965;23989;756
18.613462448120117;0.0;0.0;12121;41.128512161213784;712;23
164.05848693847656;1.8367346581071615;12.142857201397419;255935;548.9994904366688;15054;393
5.626536846160889;40.632652550935745;2.1224489957094193;165427;303.7123807802665;9730;238
5785.84423828125;10.612244864925742;2.75510198995471;266764;784.6710156231298;15691;461
11.699660301208496;1.2857142593711615;0.5102040711790323;47430;111.22513490033104;2789;74
9955.6259765625;0.18367346562445164;2.612244913354516;57868;242.489424603095;3403;122
5321.0146484375;60.0408167745918;59.61224513500929;529091;1612.5122880013566;31122;937
7.011126518249512;0.0;0.0;77707;140.97062053368145;4570;111
0.20520173013210297;0.40816325694322586;0.0;97648;209.40318314292406;5743;148
2404.58935546875;0.0;0.2857142835855484;25670;72.0761615262544;1509;43
57.55987548828125;4.632653072476387;1.5918367058038712;158474;502.624625931045;9321;291
13.391433715820312;4.510203989222646;2.3265305645763874;169813;457.6669350063276;9988;283
1.9707691669464111;0.0;2.0612244587391615;30039;44.42755023451328;1766;40
0.313787579536438;0.693877536803484;1.795918334275484;110585;288.5871207750387;6504;179
728.3101196289062;21.836734753102064;7.612244803458452;234158;1092.9818404801836;13773;525
224.21446228027344;0.0;0.040816325694322586;85833;262.62350583761275;5048;155
2556.08154296875;8.387755217030644;2.0612245090305805;149549;559.8674516704854;8796;304
1.8961306810379028;32.16326502896845;0.0;36601;50.302366683064236;2152;49
7806.748046875;59.877551170066;80.71428624354303;48450;96.14361035058063;2849;71
1.775076150894165;13.999999975785613;3.3469387106597424;611354;1945.6171779396916;35961;1097
0.17330995202064514;3.489795919507742;0.5918367225676775;163081;623.7750415186166;9592;323
4618.0087890625;3.5510204285383224;1.2244898099452257;163710;291.26516964364674;9629;233
9.335962295532227;1.918367339298129;146.81633148156106;37298;139.96247780906262;2193;82
8.041990280151367;0.0;0.0;31450;12.839537582920407;1849;35
4549.7041015625;57.42857180535793;8.734693912789226;98345;388.48619306580684;5784;193
7696.78857421875;41.22448989003897;6.489796027541161;84269;408.50915776251964;4956;191
1.490641713142395;0.0;0.0;42942;79.38443269289448;2525;62
6.185464859008789;0.0;0.0;9792;38.496186587884736;575;20
942.9026489257812;39.26530557498336;1.673469353467226;272629;679.8242870147919;16036;440
0.3260418176651001;0.0;0.0;79730;156.12495995465707;4689;117
737.28076171875;0.08163265138864517;3.061224488541484;35955;298.6809121418727;2114;122
75.67743682861328;27.97959183342755;3.3673468939960003;237983;664.7163474135431;13998;403
4263.85595703125;21.734694166108966;5.612244788557291;259930;683.6114072660898;15289;422
11.553027153015137;0.0;0.0;30175;33.732528727889914;1774;39
0.9513787627220154;6.326530713587999;1.326530585065484;214064;548.319870745483;12591;353
18.14682388305664;0.3061224427074194;21.061224531382322;81991;477.87184475770596;4822;211
486.6712646484375;13.102041015401483;19.22449005022645;22015;55.55277363659489;1294;36
91.13139343261719;0.0;0.0;2601;3.8713453583334103;152;4
46.04491424560547;17.734693903476;8.938775489106774;309774;982.1092612896063;18221;558
6757.65380859375;8.591836666688323;4.204081661999226;152167;446.6073180377733;8950;267
14.141022682189941;26.48979608528316;6.346938818693161;384540;1508.628889452514;22619;783
3.5038626194000244;88.06122519820929;24.653061183169484;193511;376.7924483054276;11382;280
0.26461684703826904;16.34693887270987;12.04081628471613;414273;1265.8659501204395;24368;734
3661.96484375;78.5918377302587;3.8367348071187735;146693;503.1530084024635;8628;277
3.851199150085449;0.693877536803484;0.0;60877;83.50529986694855;3580;82
27.897777557373047;0.0;0.0;25483;133.8920846233629;1498;58
0.7028334140777588;0.0;0.0;30719;11.363171315864866;1806;34
7265.15966796875;0.42857141979038715;0.040816325694322586;91477;208.4505081114602;5380;143
8890.9130859375;8.530612235888839;18.224490020424128;483395;1370.194962614128;28434;823
1618.318359375;8.346938837319613;4.081632606685162;360145;1266.4824023156052;21184;689
40.78522491455078;0.0;0.0;42415;15.918148159415956;2494;46
8.58958625793457;0.22448979131877422;4.632652992382646;321827;1258.775642509331;18930;647
5.731932163238525;0.0;0.0;83096;239.09975607062918;4887;141
85.43031311035156;0.0;0.24489795416593552;71213;184.43064405292102;4188;115
6096.44921875;51.93877510726452;13.44897978939116;453628;1231.7927111959993;26683;750
10083.794921875;0.8163265138864517;4.59183674864471;302294;617.4856008218972;17781;451
7.470614910125732;0.0;0.0;1632;0.016074223269366927;95;2
22.36695098876953;0.0;0.0;66147;213.5132217476685;3890;116
12445.1787109375;10.551020551472902;15.489795917645097;129472;566.0869200803543;7615;284
82.55940246582031;11.469387538731098;0.0;106709;273.13679606374893;6276;177
14.544265747070312;31.63265341334045;1.2448979336768389;92922;240.60882231657527;5465;154
55.23749542236328;0.2857142798602581;0.0;98294;155.30148880928598;5781;133
1.9012080430984497;0.040816325694322586;2.244897922500968;122604;391.0787022230148;7211;222
6573.68212890625;0.0;0.5714285634458065;4131;14.34513704234068;242;8
8.501543045043945;3.0408162903040648;99.08163590915501;206108;577.4711758934519;12123;339
3.740161895751953;1.244897948578;3.979591878131032;184076;506.6632438402226;10827;311
10.927083969116211;87.1632654312998;5.469387894496322;290309;636.9030005798601;17076;438
3.9878761768341064;0.0;1.265306107699871;31042;68.75822084944012;1825;48
0.25982800126075745;0.16326530277729034;0.0;59126;72.6749696778444;3477;76
0.27698972821235657;15.06122468225658;2.7551020178943872;154700;327.8930377517661;9099;236
333.71624755859375;30.75510236620903;18.61224521882832;119357;275.97111820594995;7020;190
0.7069110870361328;3.8163265511393547;1.1224489565938711;45662;258.8055629404993;2685;122
10.027509689331055;0.0;0.0;30175;33.766877803210996;1774;39
144.4521026611328;0.7551020253449678;12.244897881522775;265438;673.5997850519874;15613;443
2.418123483657837;15.06122457049787;0.08163265138864517;101762;347.0650705933416;5985;191
892.4239501953125;25.979592517018318;4.75510198995471;308227;1030.0237109297016;18130;573
3964.59375;122.30612399801612;4.06122444011271;160922;418.71295957544527;9465;261
12748.041015625;202.95918517932296;216.5714287031442;1037561;3786.7420403425494;61032;2015
0.0;21227.694604683667;82742.6099695228;1834997;99.57568664124781;107940;1852
16.867942810058594;54.91836718283594;2.2040816005319357;309672;1020.6094483178687;18215;569
3482.96923828125;7.857142811641097;4.346938692033291;423827;1156.952423578531;24930;710
11.16043758392334;11.714285815134645;11.612244935706258;307734;841.8395250474185;18101;515
63.016029357910156;4.571428598836064;0.14285713993012905;78931;258.36982249468343;4642;142
6957.12939453125;708.020401660353;52.836734713986516;199699;720.8558750354545;11746;392
2466.106201171875;50.22449007630348;21.285714453086257;53176;157.21124016439936;3127;88
128.29408264160156;7.204081764444709;0.14285713993012905;134096;356.117011121734;7887;218
615.4928588867188;0.0;2.102040780708194;132379;248.23395061581206;7786;192
81.20729064941406;2.816326517611742;0.22448979131877422;67388;153.5491698303108;3963;105
1.4099199771881104;12.28571437112987;2.3469388112425804;70414;263.6003592092495;4141;142
13047.408203125;0.5918367225676775;0.020408162847161293;149804;423.7323139639471;8811;254
40.67203903198242;0.0;0.0;65297;181.71113748443773;3840;108
2.6302618980407715;147.22449288517237;0.0;96424;145.7695989022375;5671;129
38.75517654418945;0.0;0.0;111418;142.40313296293755;6553;143
356.9695739746094;0.0;1.1428571362048388;60673;95.11803923437745;3568;84
12020.9599609375;0.0;1.306122424080968;51867;91.07504393661304;3050;74
3855.526123046875;0.5510203968733549;0.20408162847161293;127313;512.7471937065233;7488;265
2785.653076171875;58.36734753474593;104.18367384374142;208590;735.3551015661876;12269;391
2.2777159214019775;2.020408147946;0.0;88077;207.91647541198378;5180;137
5.8369975090026855;0.0;0.40816325694322586;78353;319.39699611607386;4608;160
4159.8203125;34.0000002682209;25.693877544254065;23103;60.048141382428724;1358;37
1.5085080862045288;11.816326519474387;3.1020407900214195;223346;766.8501837623304;13137;426
126.06449127197266;0.5306122340261936;2.653061207383871;133144;469.1512442603398;7831;255
81.68061065673828;0.0;0.0;30753;60.29864028320605;1808;45
185.83544731140137;0.0;0.22448979131877422;16371;136.27062808509686;962;59
10.69617211818695;0.38775509409606457;0.0;56066;64.08933215871438;3297;71
13.694822311401367;0.0;6.183673342689872;79951;250.10262029622157;4702;148
7.033271312713623;41.99999983236194;0.3061224427074194;61047;166.5650126275464;3590;101
125.52102375030518;0.0;0.0;69785;202.30909857221351;4104;118
4.396337985992432;21.22448992729187;0.0;176018;324.27745363674336;10353;252
75.90206146240234;0.0;0.0;16201;11.379354636788708;952;19
1.0030934810638428;41.73469343967736;20.46938736923039;704990;1884.960700008102;41469;1174
1525.5972900390625;73.12244992144406;66.55101988092065;26690;150.2740354778261;1569;64
4.087457656860352;0.0;0.0;73967;206.16574859153081;4350;123
3657.025634765625;2.0816326327621937;0.8163265194743872;138771;432.7567683211164;8162;256
1354.544189453125;28.97959267348051;4.346938688308001;402526;1680.7978665460978;23677;833
918.2202758789062;0.0;0.653061218559742;17918;105.78981560966484;1053;50
2.9748246669769287;5.040816279128194;0.2653061170130968;177769;531.8999907033173;10456;318
0.1243610754609108;11.65306118875742;3.428571369498968;690132;1988.906831761222;40595;1191
8831.9951171875;1186.8571419361979;297.65306221693754;338096;1112.949385440423;19887;624
134.79798889160156;10.57142866961658;0.3673469312489033;153017;468.7831934856373;9000;277
0.24871349334716797;0.3061224427074194;0.040816325694322586;48484;118.98214243761487;2851;75
10.410000801086426;23.775510353967547;18.734693825244904;335529;1133.0332348953402;19736;622
10762.77734375;6.693877607584;0.2653061170130968;37417;84.45119689283256;2200;57
3.3120827674865723;7.122448835521936;2.224489763379097;306289;595.8833794048921;18016;449
14.185938835144043;0.0;0.0;34425;69.6549594000657;2024;51
1.0996037721633911;6.326530655846;5.387755019590259;295868;664.9449964191186;17403;452
6.9960222244262695;0.0;0.0;51697;107.75620642774822;3040;78
12079.4521484375;16.836735371500254;1.5918367076665163;102051;463.4080489753656;6002;221
3284.4775390625;4.2653060629963875;6.163265198469162;417503;1380.3623114173433;24558;767
488.942138671875;22.14285744354129;173.1836711280048;91409;210.36484759772625;5376;141
15.152759552001953;0.0;2.0204081311821938;97342;331.47838172618935;5725;181
83.94155883789062;5.897959180176258;2.040816307067871;257805;1038.5697919358884;15164;521
30.333576202392578;6.530612217262387;1.7755101714283228;514063;1824.5816077568873;30238;981
6.577090263366699;16.755102705210447;0.0;32776;116.58111654918724;1927;62
1515.029296875;0.0;0.591836728155613;6715;31.33026565804296;394;15
0.3034568727016449;0.7755101881921291;0.14285713993012905;46053;112.18604782385239;2708;75
9.66348648071289;2.367346905171871;1.8367346599698067;162962;492.2643153950074;9585;293
1370.131591796875;1.918367326259613;2.591836681589484;351356;1135.812916174485;20667;642
139.89857482910156;0.0;0.2653061170130968;20009;166.30152686336592;1176;72
1.2048979997634888;13.795918494462967;5.71428563259542;184586;531.838284979334;10857;320
18.921823501586914;0.0;1.9999999664723873;126123;219.6947567935758;7418;177
58.128475189208984;21.551020599901676;14.306122478097677;610589;1775.3472572335702;35916;1064
9787.697265625;59.734694147482514;33.46938809007406;269144;663.6155018049564;15831;423
818.168212890625;1.5306122209876776;0.9999999795109034;249169;529.4517461112972;14656;381
3.6549642086029053;0.0;0.0;39338;101.0520702139594;2313;64
854.9741821289062;1.9183673076331615;1.4489795677363873;32691;174.8126638753164;1922;77
1.340124487876892;0.0;0.0;40137;11.04073155685066;2360;43
10.79080867767334;8.918367333710194;3.5510204304009676;116858;175.53056581588913;6873;157
4.6876678466796875;3.3265305813401937;1.285714264959097;25925;118.95392069039744;1524;54
6.117743015289307;27.224490001797676;12.040816117078066;377553;1007.77474074326;22208;637
775.5647583007812;5.0816327054053545;17.551020458340645;150773;459.4190034555455;8868;269
8675.3251953125;3.938775461167097;17.18367350846529;517106;1486.7986219762759;30417;878
0.0;89724.67145053856;8012.959019750357;1834997;281.17304832731776;107940;1896
7672.05224609375;26.632653320208192;9.632652906700969;1113075;3756.053682652303;65474;2048
3.5003652572631836;0.0;2.591836692765355;118252;168.62196181571295;6955;157
4694.46435546875;434.7551189623773;26.326531015336514;61693;197.3237593947088;3628;113
12436.20703125;19.918367560952902;7.673469485715032;37111;160.7763385973999;2182;78
9682.814453125;62.42857160232961;2.693877547979355;272935;793.4528620272175;16054;471
516.7730712890625;0.0;0.0;31161;12.034121315458233;1832;34
20.431318283081055;3.4285713769495487;3.9387754537165165;119170;353.2349652675432;7009;204
0.48602432012557983;5.102040853351355;8.469387780874968;240499;797.5910552705753;14146;443
5.269266128540039;21.163265448063612;0.2857142798602581;96730;236.55822665796882;5689;155
5.640997409820557;0.0;0.0;2227;0.07216676833638941;130;3
1.2489023208618164;0.0;0.0;45611;107.03578042752794;2682;71
6921.01318359375;113.5306117143482;22.3061227761209;298384;1206.297803848525;17551;607
101.9144287109375;0.0;7.408163305372;19499;33.27153324547525;1146;28
3.9771870225667953;4.265306102111936;1.3469387479126453;150722;443.3059853622238;8865;270
1.791523814201355;0.2857142798602581;5.122449053451419;76415;248.69464948158813;4494;134
5986.265625;0.06122448854148388;0.0;105978;341.28935751989457;6233;197
9.335115432739258;0.0;0.0;109684;211.17610821973733;6451;162
0.2403566539287567;8.653061214834452;7.571428546682;591090;1291.9197047839036;34769;903
64.25345611572266;0.10204081423580647;0.0;75174;300.50680172253345;4421;154
5.288113117218018;3.163265284150839;0.0;121924;224.4521565684595;7171;179
0.7126429677009583;23.367347039282322;3.795918397605419;260882;655.3260087830987;15345;415
89.04668426513672;1.3877550773322582;25.224489387124777;230418;487.94388398603934;13553;345
5.41811990737915;3.1020408403128386;125.53061624616385;73321;99.55674316290185;4312;96
3449.69189453125;28.530611725524068;7.183673460036516;103224;381.73190287478553;6071;199
10.354415893554688;0.0;0.0;55590;57.63320788914299;3269;70
0.8486084342002869;0.0;0.0;17340;9.096499680537983;1019;20
105.39118957519531;11.387755217030644;2.795918358489871;146659;429.17546708597695;8626;262
18.44289207458496;4.755101962015033;0.0;86377;386.174980953953;5080;186
151.37429809570312;0.10204081423580647;0.6326530482620001;107865;398.2064813287433;6344;214
56.91484069824219;77.51020484231412;1.2244897782802582;38607;277.1497549240091;2270;118
208.0614471435547;0.40816325694322586;7.102040695026517;420716;1259.9607720411666;24747;730
11935.908203125;4.551020363345742;1.6734693702310324;145775;491.5269457859954;8574;277
12.02840518951416;0.0;0.0;15334;9.29136153280403;901;18
11063.12890625;4.530612275004387;4.2040815856307745;168555;528.0535508282532;9914;292
1.7039943933486938;18.653061263263226;1.0204081423580647;168589;417.28052991555387;9916;273
9569.8251953125;12.12244875356555;54.42857032828033;378165;744.6704041181448;22244;558
0.2004736065864563;7.3877551686018705;3.6734694205224514;143106;523.9745461333426;8417;279
21.856639862060547;19.244897855445743;6.979591757059097;257856;931.885853837649;15167;491
3.178903341293335;129.4081644807011;3.4489795304834843;277049;615.5708869485577;16296;422
42.788475036621094;31.693878347054124;7.2448978796601295;249696;848.1143518485931;14687;467
10286.6201171875;3.5510203931480646;24.530612390488386;113084;253.54292199735053;6651;179
8.767269134521484;112.69387861154974;8.387755166739225;506838;1540.1852085618375;29813;905
15781.611328125;24.22448942437768;5.469387723132968;387532;1330.2963063952495;22795;724
11706.498046875;11.285714348778129;0.0;49283;248.2351521983724;2898;117
5.253180980682373;0.14285713993012905;0.0;37196;101.3156900526968;2187;62
13292.330078125;2.7959183380007744;13.040816411376;111299;516.2192907132451;6546;252
191.28399658203125;18.18367348611355;4.285714220255613;292128;1102.5813220368468;17183;576
37.15546417236328;12.959183808416128;3.959183683618903;65144;246.4259083253169;3831;128
71.0252456665039;10.65306113101542;1.3877550773322582;148818;606.8007126252568;8753;308
0.40157127380371094;0.0;0.0;45696;160.89846043020356;2687;90
2160.96875;3.775510262697935;0.7551020253449678;11730;150.47896402545587;689;63
2.5354082584381104;0.0;0.5306122340261936;126412;319.5799323076082;7435;202
13.659849166870117;4.469387736171484;6.591836789622903;227290;971.5339259758689;13369;486
0.08440877497196198;0.0;0.0;44744;11.36640831261614;2631;48
43.39695739746094;18.857142882421613;188.34693662263453;323765;844.3177489929776;19044;537
13.809635162353516;0.0;0.0;34663;30.702212178940197;2038;42
2348.521484375;0.0;0.4285714216530323;12240;105.71307167281473;719;45
4.912519454956055;7.775510197505355;0.7551020253449678;184552;573.3364971582254;10855;335
1.2826093435287476;0.0;0.0;30243;25.817965772258137;1778;37
292.6692810058594;81.38775584101677;26.08163301087916;222717;809.9931225651558;13100;423
17.852170944213867;2.448979564011097;7.63265305198729;118779;254.03419090325713;6986;178
230.88006591796875;0.08163265138864517;0.0;58548;226.06998142073863;3443;116
14.734275817871094;3.306122476235032;5.102040724828839;331670;975.2329988774353;19509;576
4.034129619598389;31.959183992817998;5.673469357192516;637211;1804.5022287158095;37482;1098
3779.529296875;0.0;6.530612273141742;24378;75.35586245188146;1433;43
8031.7685546875;1.9795918557792902;0.18367346562445164;23324;210.01205197649227;1371;86
20.7333984375;0.0;0.0;25415;65.95343057236568;1494;41
88.22489929199219;7.346938818693161;4.081632610410452;143905;448.7956826868262;8464;255
354.27587890625;1.6122448779642582;19.22449010051787;287827;938.8497695605336;16930;528
12026.3330078125;0.2857142798602581;0.26530612260103226;51034;100.00004518514467;3001;75
641.8052368164062;6.183673433959484;12.163265274837613;316557;756.2947450452768;18620;501
343.6497497558594;2.551020372658968;6.326530586928129;180846;711.4831405023328;10637;367
17.876935958862305;0.0;0.0;29699;81.45496501688086;1746;49
10850.78125;11.836734728887677;10.265306083485484;449752;1655.5390801241376;26455;880
1025.455078125;12.000000033527613;9.040816389024258;253623;828.9320636287043;14918;450
12910.5634765625;33.551020687446;13.489795871078968;609688;2020.0636586973224;35863;1128
8.390227317810059;466.5102087575942;13.918367372825742;362168;1014.7665472698948;21303;618
10773.97265625;8.877551099285483;7.183673467487097;85680;419.6342657483347;5039;199
0.4266097843647003;7.816326446831226;1.8775509875267744;388144;1119.4045230299905;22831;678
30.530248641967773;0.6122448854148388;1.1428571194410324;197965;547.3010974974239;11644;334
24.921388626098633;20.877551240846515;10.897959226742387;257992;1057.6325049138966;15175;525
0.7915679812431335;0.0;0.0;30481;58.75819506624326;1792;45
20.65683364868164;0.0;0.0;117657;262.3509443585833;6920;179
2.9968745708465576;0.3061224427074194;1.2857142612338066;110772;566.1904532537518;6515;259
17.85997772216797;19.142857361584902;18.55102064833045;227069;598.4129662394811;13356;374
5368.80029296875;36.714286075904965;0.5306122489273548;210205;642.2104811726965;12364;377
198.2087860107422;28.02040850184858;7.4285713620483875;356881;1217.5300924263377;20992;667
3657.115966796875;121.22449041716754;2.7755101937800646;621605;1863.0119737577816;36564;1105
228.97621154785156;2.693877538666129;0.0;162299;337.42642598690685;9546;242
76.52093505859375;0.8163265138864517;0.0;103768;221.83684745968128;6103;156
8.713552474975586;36.95918293856084;1.7755101695656776;153051;389.3326747301675;9002;251
2893.158447265625;0.6530612483620644;6.714285809546709;68255;125.91168268422642;4014;98
5.636793613433838;0.46938774548470974;1.408163245767355;78166;209.84835948899527;4597;128
13425.291015625;0.7755101937800646;0.0;13226;157.74373070651856;777;66
24.81444549560547;0.0;0.0;31569;13.584425768042651;1856;35
571.5857543945312;265.9183687996119;17.653061147779226;894914;2982.6684281805256;52641;1655
62.94139099121094;18.67347003519535;0.0;60384;202.62406746530817;3551;109
327.4513854980469;118.28571541421115;0.2653061170130968;137479;376.7435808042101;8086;230
8825.0439453125;34.75510232709348;10.693877382203937;462570;1329.3234088126749;27209;783
7.731657028198242;10.387755097821355;4.3877551183104515;92157;499.90729491262;5420;226
22.24577522277832;2.9591836612671614;0.18367346934974194;59738;231.92406258506134;3513;125
62.44203567504883;97.61224448308349;210.65305753424764;140437;423.5386270018343;8260;249
621.3690795898438;26.551020259037614;1.0204081423580647;108035;363.42132034571904;6354;209
767.671142578125;19.10204090178013;3.5918366760015488;267019;855.232267701361;15706;487
242.3358154296875;51.244898449629545;31.46938805654645;491028;1565.702959742978;28883;887
16.744516372680664;0.0;0.0;27200;48.771195617964004;1599;38
4.92030668258667;30.83673488534987;37.46938877366483;10948;50.05751502019663;643;24
6.752954959869385;0.040816325694322586;0.3061224427074194;209270;501.04324268591097;12309;329
261.04766845703125;0.0;6.775510314851999;259114;811.3468998176319;15241;460
14.74333667755127;18.632653137668967;2.6122448835521936;243423;459.76431201697045;14318;348
9.475625991821289;1.3877550791949034;1.1632652822881937;172363;461.8659987543015;10138;291
4972.97412109375;53.693877855315804;29.183673741295934;206584;470.6188901654534;12151;314
11634.7421875;11.42857157625258;16.469387959688902;436271;1348.461700609842;25662;776
1584.4444580078125;3.1632653176784515;0.22448979318141937;249917;735.4336678963344;14700;430
5711.95751953125;33.38775529526174;1.591836715117097;216631;679.5358203276596;12742;379
1032.69970703125;22.938775332644582;4.285714223980904;320127;1069.3981979979742;18830;591
2.7525203227996826;4.938775500282645;8.551020389422774;284036;801.7344441366477;16707;479
12.056095123291016;0.0;12.551020201295614;58344;188.73601994325702;3431;104
0.45586374402046204;5.469387760385871;0.20408162847161293;128792;380.4974527899669;7575;217
3012.453125;44.632653487846255;1.8163264989852905;343128;1022.4404505425169;20183;599
1225.05126953125;10.918367398902774;14.714285884052515;389929;1384.1658970411931;22936;751
13.99406623840332;5.9183674193918705;2.061224451288581;181067;512.4652018096401;10650;305
28.222835540771484;13.510204147547483;16.204081315547228;543422;1688.1587738549254;31965;980
0.351942241191864;77.46938803233206;3.6326530016958714;267376;772.2575039693937;15727;463
4.935518264770508;2.999999960884452;35.3673462215811;83470;384.66152002983165;4909;190
2505.236572265625;60.428572095930576;33.85714302212;86428;364.1302680950148;5083;179
2.418056011199951;10.591836517676711;1.4285714086145163;68204;201.48296381451476;4011;115
117.36959838867188;0.0;0.795918358489871;76262;271.3228238458405;4485;144
4852.1015625;57.73469450324774;27.71428589709103;112676;429.3657991341668;6627;224
0.02924603782594204;9.08163271471858;6.8979590479284525;279157;368.0411823543843;16420;361
100.89395904541016;60.59183722548187;152.2653097640723;282965;1036.192686595734;16644;540
8399.90234375;46.938775688409805;10.163265423849225;176120;531.4464810221102;10359;316
145.30886840820312;52.183673828840256;8.142857164144516;407031;1014.096010577346;23942;663
4770.35791015625;0.0;0.040816325694322586;7106;34.71409801763639;417;16
15318.2724609375;62.612245028838515;6.122448962181807;267784;777.1594633379622;15751;470
8302.90625;82.8367351219058;22.102041134610772;488614;1587.437172632685;28741;897
10958.5537109375;321.97959313355386;63.51020387746394;578561;1605.6914197234248;34032;966
1.6217734813690186;2.5306121930480003;11.204081485047936;128809;499.534950180104;7576;256
12398.21875;10.408163305372;0.22448979131877422;97036;452.6642291593383;5707;216
63.226844787597656;11.91836748458445;12.85714290291071;78115;276.3538298121518;4594;151
31.168031692504883;0.0;0.0;18462;71.83407014333035;1085;35
2.0057127475738525;0.18367346562445164;0.0;45628;258.28871794526776;2683;122
54.43454360961914;4.632653055712581;0.836734676733613;143956;491.1680546223789;8467;274
17.192363739013672;5.8163266237825155;2.32653059437871;49266;308.27492080910855;2897;137
4.083157062530518;0.0;0.3673469312489033;75973;291.98088672609816;4468;147
25.55974578857422;1.3469387665390968;1.7346938662230968;21488;210.467200010618;1263;87
10085.0244140625;29.102041009813547;16.40816330909729;437750;1300.727056337604;25749;742
11.991265296936035;0.0;0.0;31246;38.15184523149638;1837;39
4919.03955078125;23.571428580209613;15.387755336239934;82756;211.5381582240356;4867;131
11690.7119140625;0.0;0.0;37247;50.295769880935275;2190;50
0.8215987682342529;4.102040823549032;0.0;76857;161.1109278239674;4520;116
0.175704687833786;7.571428619325161;0.6734693739563227;137513;392.0829914086605;8088;243
160.12216186523438;0.0;0.0;3740;4.654513952874207;219;5
129.61578369140625;12.408163361251354;22.71428583189845;312953;875.6512458323494;18408;522
8208.263671875;0.0;0.18367347121238708;26588;90.51986702662442;1563;49
3659.324951171875;0.40816325694322586;1.632653033360839;30294;112.76327202138297;1781;60
5645.48046875;7.122448921203613;14.918367475271225;337790;1005.204644790208;19869;587
10522.482421875;7.918367316946387;4.36734689027071;266611;709.2910413145968;15682;439
0.0006351184565573931;44.755102418363094;389.4081669319421;535959;1551.0372341118205;31526;924
603.2734985351562;11.551020519807935;0.0;42772;238.09756834766395;2515;108
3979.366455078125;9.020408205688;29.612244492396712;1140836;3698.9480850042783;67107;2086
13.18991756439209;9.306122494861484;0.6122448854148388;122604;283.6358762383433;7211;190
871.4556274414062;1.4693877715617418;14.142857320606709;163897;667.3159810692355;9640;336
2351.259765625;0.9183673281222582;2.999999986961484;171377;775.5693331123197;10080;381
7570.30908203125;14.816326780244708;8.836734559386969;364310;829.9361073027468;21429;559
4.184356689453125;0.0;1.1632652841508389;65416;129.92268225521718;3847;96
40.79207992553711;0.7755101956427097;0.0;18479;90.9694329423345;1086;41
5386.673828125;19.469388108700514;19.040816456079483;128877;401.5566746924251;7580;236
69.77127838134766;0.0;0.0;25296;60.04331346122158;1487;39
11935.44140625;3.0000000707805157;1.122448967769742;159137;407.77748265643;9360;255
9553.89453125;0.1428571492433548;0.9183673281222582;195806;500.32078748651026;11517;318
6.173839092254639;12.306122582405806;2.265306081622839;142885;457.94017131142556;8404;258
106.129638671875;0.44897958263754845;9.081632655113935;262123;855.3861742890821;15418;477
2.950179100036621;17.163265995681286;0.0;28764;114.16480280196788;1691;55
5.690495014190674;22.897959334775805;4.87755099311471;309638;911.4867834339701;18213;539
11239.2880859375;25.653061598539352;0.020408162847161293;148376;700.992233881207;8727;337
2.6956028938293457;0.0;0.3265306055545807;30906;66.9795408336665;1817;47
12327.642578125;1.7755102273076773;3.428571403026581;128435;595.7348328975908;7554;286
10513.9296875;26.387755382806063;16.14285739324987;139060;537.3624186035414;8179;274
1244.4205322265625;0.5510203968733549;9.755102075636387;338453;1287.6908736372015;19908;673
7.8487420082092285;9.857142955064774;8.265306012704968;520200;1397.0941329098853;30599;866
0.5774112343788147;25.69387709721923;57.02040893025696;264605;766.5263962229567;15564;461
11748.67578125;5.408163340762258;14.24489819072187;72097;129.90445514397558;4240;102
3826.47900390625;40.22449015825987;12.24489808268845;23460;66.23967645768575;1379;39
2.6015405654907227;0.7142856996506453;1.2653061002492905;99025;453.31354017978873;5824;221
3.0787270069122314;1.1020407937467098;16.40816292911768;118473;510.1220231288874;6968;254
0.3916529417037964;0.06122448854148388;3.9183672964572906;214183;981.2508111772473;12598;474
7494.50537109375;21.755102049559355;5.795918315649033;437733;1565.2600587902934;25748;835
937.5603637695312;0.38775509409606457;0.18367346562445164;108562;398.3514731253972;6385;212
14.739777565002441;17.571428870782256;2.3061224054545164;100011;281.1435115456173;5882;166
3.626080274581909;0.6326530482620001;0.0;57749;185.82930419555709;3396;110
1.1443312168121338;6.816326564177871;0.46938774548470974;45917;191.13496502609513;2700;100
135.5138397216797;0.0;0.0;90542;200.99683151460394;5325;139
3219.1806640625;10.163265358656645;8.551020450890064;628728;2085.43551986757;36983;1173
9.551567077636719;0.0;0.0;30192;33.79393026208351;1775;39
2113.6630859375;3.3877551034092903;3.9387754388153553;132974;721.9945203272154;7821;335
5797.9775390625;0.0;0.10204081423580647;11628;62.440548533662835;683;27
8.433470726013184;90.06122322008014;29.142857007682323;1010718;3011.185370178185;59453;1756
2.6097519397735596;4.591836703941226;0.0;100861;396.17709469480496;5932;208
73.06495666503906;17.673470094799995;0.0;23256;120.97127558556862;1367;53
5.0202202796936035;0.0;0.7346938624978065;170799;577.9323866134847;10046;317
1702.763671875;48.97959205880761;21.836734890937805;9367;45.426181103440996;550;21
2.156240701675415;0.0;0.0;21760;97.92724092009728;1279;46
23.754501342773438;17.102041501551867;0.0;20774;63.50550155189829;1221;37
66.59325408935547;9.77551026828587;7.122449001297355;82824;281.54493403146085;4871;160
10367.41015625;19.306122597306967;30.95918406173587;83606;317.74513354827474;4917;175
5.599856853485107;8.244897967204452;7.795918332412839;175576;531.8569019865855;10327;308
365.83111572265625;0.0;3.693877637386322;51323;337.5857637884914;3018;145
3323.824951171875;2.714285735040903;0.22448979318141937;15402;160.81350730901124;905;67
13241.2412109375;46.428571635857224;3.244897935539484;462876;1083.0038962097594;27227;721
11.18183708190918;25.734693994745612;0.0;322983;817.1356617974774;18998;529
6.4409027099609375;0.0;20.591836327686906;62509;185.79696398772967;3676;107
4197.59228515625;0.0;0.08163265138864517;3791;13.001682393453322;222;8
448.74176025390625;0.0;0.18367346562445164;64991;130.4421867510474;3822;97
6312.03369140625;88.57142828032374;15.061224391683936;552908;1417.2244399588292;32523;915
12879.0869140625;2.448979664593935;2.938775470480323;82263;440.4893222541278;4838;200
8819.0283203125;52.30612255446613;17.489796040579677;499120;1121.4794862334954;29359;763
0.8172061443328857;0.0;0.0;63172;296.6232043669759;3715;147
0.9303818345069885;0.0;0.0;34663;78.31516343714053;2038;53
15.866313934326172;0.0;0.0;55505;42.70783584191499;3264;66
898.1946411132812;0.0;2.816326480358839;272476;768.6228830177508;16027;472
11739.67578125;40.67346973717213;3.9591836351901293;128911;573.8712109940158;7582;280
11908.3935546875;0.9591837078332901;1.0612244941294193;82875;310.31039301554654;4874;170
14.874335289001465;0.18367346562445164;0.0;86717;105.06585500851747;5100;110
10.447829246520996;29.836734419688582;0.0;269960;750.5335892465083;15879;464
11056.0126953125;71.81632554903626;7.55102027580142;359057;1603.3407847231788;21120;779
66.58341979980469;22.102040929719806;19.14285708591342;693685;2151.2430769900034;40804;1243
5050.19677734375;0.0;0.06122448854148388;6953;33.35280672349245;408;16
8.032549485564232;1.4285714272409678;0.0;76721;224.2680728324594;4512;137
930.6908569335938;17.10204100050032;19.326530614867806;1057162;3504.0477619745852;62185;1967
1233.98486328125;0.0;0.6122448947280645;68646;242.51225804193115;4037;133
175.9882049560547;1.10204085893929;146.57143030129373;26367;56.86873897524222;1550;39
23.208765029907227;0.0;0.0;20893;43.412737959433294;1228;31
9818.376953125;2.7551020104438066;2.9999999459832907;228514;813.4527531802245;13441;435
11.198688507080078;0.0;0.0;35037;87.55925946016424;2060;57
27.647619247436523;0.0;0.0;78098;168.04179088396006;4593;118
9308.671875;27.040817076340318;0.4285714328289032;21692;51.03390974680661;1275;35
9679.4130859375;2.081632625311613;1.6530611999332905;51289;335.3209092689868;3016;144
112.83749389648438;45.163265720009804;17.285714365541935;124117;257.6976158902672;7300;189
147.61804723739624;0.0;0.0;50983;154.79919195441443;2998;93
252.74581909179688;0.3265306055545807;0.0;32028;63.25109606204734;1883;47
6184.38427734375;20.285714553669095;7.367346893996;168283;527.9550396694176;9898;301
2.714747190475464;0.0;2.081632625311613;207315;288.4572649943266;12194;273
7209.71044921875;0.3673469312489033;9.061224363744259;353651;1141.3042321512537;20802;640
4691.9853515625;24.183673609048128;53.28571438416839;180659;726.7331277535491;10626;367
24671.71484375;0.0;0.10204081423580647;11900;63.418674229536514;699;28
9805.1064453125;12.571428699418902;5.000000001862645;220167;572.6555283363002;12950;370
2230.908935546875;67.95918324962258;58.938775749877095;391969;1245.506660123702;23056;701
5254.8740234375;7.122448857873678;3.4489795453846455;267138;1029.0554229333366;15713;542
12509.2421875;34.387755282223225;13.367347097024322;544272;1618.3074184946067;32015;956
409.915771484375;1.9591836463660002;0.0;11985;64.19600310877995;704;30
118.04437255859375;1.7142856940627098;4.673469403758645;166991;450.5841058938865;9822;273
8.744192123413086;32.67346911132336;4.408163219690323;559351;1705.2145595071179;32902;993
18.19883918762207;0.46938774548470974;2.5306122060865164;107355;169.3141405755901;6314;146
7.382811069488525;20.46938810683787;2.775510163977742;300696;886.7282092753533;17687;518
19.062496185302734;8.469387806952;3.020408108830452;146574;405.4613894680083;8621;244
3.297048330307007;0.0;0.0;45968;27.539430109739378;2703;52
0.3093969523906708;0.0;0.0;46240;151.9674806698648;2719;83
14294.8818359375;2.2448979280889034;4.816326580941677;199631;645.3850189738141;11742;351
49.38755798339844;3.3469387870281935;5.326530732214451;200209;561.8097523542943;11776;333
28.57192611694336;28.612244591116905;1.3265305887907743;267495;841.2220295650277;15734;471
5637.0048828125;78.18367371149361;49.163265431299806;126684;343.0526377063281;7451;206
10.595219612121582;2.3061224315315485;63.12244816683233;122060;539.2496377081231;7179;264
23.454317808151245;0.9795918166637421;7.163265235722065;134674;339.56172088652454;7921;222
211.95233154296875;33.71428517997265;125.16326658800244;222870;458.68854286531985;13109;330
14.519454956054688;0.5510203968733549;2.367346940562129;77231;295.3184362345785;4542;157
16.069917678833008;0.0;0.0;6494;19.95385926019057;381;11
1.7295485734939575;4.938775513321161;1.5306122414767742;130730;364.5333792883319;7689;226
2.152818441390991;6.591836862266064;0.0;76840;116.89531466669939;4519;105
1.8022722005844116;0.0;0.0;46121;70.88002295403;2712;64
2785.82373046875;19.367347164079547;1.6326530277729034;184773;769.4129766986143;10868;382
84.61339569091797;17.18367314338684;1.387755075469613;83657;254.7184067635381;4920;148
1603.8582763671875;0.0;0.8775510136038065;4182;14.784393651839968;245;8
218.07557678222656;61.857143284752965;54.51020409539342;115396;399.9695193270096;6787;215
2.64504337310791;20.61224520765245;0.0;132515;209.2945265843199;7794;180
5.068514823913574;2.40816324763;1.3061224408447742;66861;293.28509867637683;3932;142
24.380460739135742;2.734693843871355;4.63265304453671;406232;1326.148711157439;23895;750
0.5945497155189514;0.0;0.0;30345;9.280951918615775;1784;33
1.4929596185684204;0.0;0.0;30294;54.23635277659172;1781;44
8336.03125;3.795918293297291;0.16326530277729034;237133;463.51665244989914;13948;348
731.7546997070312;14.244898121803999;6.204081609845161;241213;579.8321363512584;14188;383
2.34550404548645;39.306122386828065;1.6734693571925163;249220;591.439090700084;14659;393
213.8870391845703;0.0;0.38775509409606457;90780;320.4220745171751;5339;169
1.4385032653808594;0.0;0.0;3553;3.9595136040784986;208;5
1214.215087890625;3.5102040842175484;3.34693874605;441099;1352.0893020680128;25946;781
83.20047760009766;49.469388138502836;8.836734747514129;9163;44.64724956280741;538;20
1.193241834640503;0.0;0.0;15317;9.2612590546429;900;18
858.7070922851562;1.8367347214370966;3.32653059437871;118048;221.0854435048505;6943;169
0.02843109332025051;0.0;0.0;30702;11.321000742011226;1805;34
13854.0810546875;0.0;3.4897959139198065;71434;132.18383508712998;4201;103
176.71180725097656;248.18367970362306;3.9183673299849033;110891;204.93066932392094;6522;163
41.015907287597656;101.59183755889535;12.469387859106064;8500;40.96572469022646;499;19
10.628653526306152;0.0;0.0;51238;86.83831425276355;3013;70
